0/x2,0/y,0/x1,1/x2,1/y,1/x1,2/x2,2/y,2/x1,3/x2,3/y,3/x1,4/x2,4/y,4/x1,5/x2,5/y,5/x1,6/x2,6/y,6/x1,7/x2,7/y,7/x1,8/x2,8/y,8/x1,9/x2,9/y,9/x1,10/x2,10/y,10/x1,11/x2,11/y,11/x1,12/x2,12/y,12/x1,13/x2,13/y,13/x1,14/x2,14/y,14/x1,15/x2,15/y,15/x1,16/x2,16/y,16/x1,17/x2,17/y,17/x1,18/x2,18/y,18/x1,19/x2,19/y,19/x1,20/x2,20/y,20/x1,21/x2,21/y,21/x1,22/x2,22/y,22/x1,23/x2,23/y,23/x1,24/x2,24/y,24/x1,25/x2,25/y,25/x1,26/x2,26/y,26/x1,27/x2,27/y,27/x1,28/x2,28/y,28/x1,29/x2,29/y,29/x1,30/x2,30/y,30/x1,31/x2,31/y,31/x1,32/x2,32/y,32/x1,33/x2,33/y,33/x1,34/x2,34/y,34/x1,35/x2,35/y,35/x1,36/x2,36/y,36/x1,37/x2,37/y,37/x1,38/x2,38/y,38/x1,39/x2,39/y,39/x1,40/x2,40/y,40/x1,41/x2,41/y,41/x1,42/x2,42/y,42/x1,43/x2,43/y,43/x1,44/x2,44/y,44/x1,45/x2,45/y,45/x1,46/x2,46/y,46/x1,47/x2,47/y,47/x1,48/x2,48/y,48/x1,49/x2,49/y,49/x1,50/x2,50/y,50/x1,51/x2,51/y,51/x1,52/x2,52/y,52/x1,53/x2,53/y,53/x1,54/x2,54/y,54/x1,55/x2,55/y,55/x1,56/x2,56/y,56/x1,57/x2,57/y,57/x1,58/x2,58/y,58/x1,59/x2,59/y,59/x1,60/x2,60/y,60/x1,61/x2,61/y,61/x1,62/x2,62/y,62/x1,63/x2,63/y,63/x1,_key
0,0,0,1,0.06717319288201823,0,2,0.16633396263722433,0,3,0.2764965310491953,0,4,0.372760690175032,0,5,0.43173623699888286,0,6,0.43543561419043214,0,7,0.37136287167438814,0,0,0.19940086062588197,1,1,0.2384519386271119,1,2,0.3068951905339707,1,3,0.3882012683069549,1,4,0.46053316443364745,1,5,0.4991849360239369,1,6,0.48748468648243887,1,7,0.41609757703300176,1,0,0.4146262471078929,2,1,0.4175267435647201,2,2,0.4451081312229354,2,3,0.4868530592898611,2,4,0.5243300679581283,2,5,0.538366654882438,2,6,0.5140866190737251,2,7,0.44467989200088764,2,0,0.6234245414130337,3,1,0.5903949914566756,3,2,0.5751586373655557,3,3,0.5759183337970385,3,4,0.5767833911515867,3,5,0.563315323357813,3,6,0.5262770854796984,3,7,0.462925848202407,3,0,0.8019232640687524,4,1,0.7452464289568541,4,2,0.6975856854526088,4,3,0.6583662424678807,4,4,0.6222076954280165,4,5,0.5802106627182309,4,6,0.5269164354960605,4,7,0.46736732594771146,4,0,0.9321188991004143,5,1,0.867051684470378,5,2,0.7969658834418878,5,3,0.7274556196181282,5,4,0.6566613864393935,5,5,0.5828643232166176,5,6,0.5097340239124394,5,7,0.4441484544955944,5,0,1,6,1,0.9390198755279184,6,2,0.8583412064739333,6,3,0.7651558978002014,6,4,0.6647745961209974,6,5,0.560704819359331,6,6,0.4628958140974775,6,7,0.3861156253429119,6,0,0.9939066593396928,7,1,0.9421217839823883,7,2,0.8594898337365295,7,3,0.7540735458903971,7,4,0.6333613217449403,7,5,0.5050517125218411,7,6,0.3849731450083912,7,7,0.2936642224344237,7,0
0,0.1372534521181395,0,1,0.037630765974517366,0,2,0,0,3,0.03638154326221915,0,4,0.1395850559763933,0,5,0.2795080025062998,0,6,0.41794960145212007,0,7,0.5206053832443355,0,0,0.3529500387098395,1,1,0.25558377339044713,1,2,0.21601137216100352,1,3,0.2485787061783525,1,4,0.3418103636493115,1,5,0.46600566754743955,1,6,0.5824426087781766,1,7,0.6597959613097814,1,0,0.5610670629154503,2,1,0.48011992596050973,2,2,0.4496042084564751,2,3,0.48075901445559427,2,4,0.5614274575249072,2,5,0.6612383035998056,2,6,0.7451359029142139,2,7,0.7835106859725978,2,0,0.7329680025213159,3,1,0.6759669666004331,3,2,0.6610961525584098,3,3,0.6947302658669303,3,4,0.7633231829893796,3,5,0.8369764252235543,3,6,0.8864863253626912,3,7,0.8867819058592742,3,0,0.8494807688486437,4,1,0.8160857556893033,4,2,0.8157551692314227,4,3,0.8505697325779391,4,4,0.9064444658043715,4,5,0.95753148018117,4,6,0.9798150672723136,4,7,0.9546829351428494,4,0,0.9122185188303212,5,1,0.8916589594390105,5,2,0.8929650773223374,5,3,0.9179828665880306,5,4,0.95761289913042,5,5,0.9908444252294399,5,6,1,5,7,0.9695847619801925,5,0,0.9369285459338366,6,1,0.9099478722344905,6,2,0.8934926727841992,6,3,0.8930733077207731,6,4,0.9071615876908223,6,5,0.9243417001126657,6,6,0.9335656385411486,6,7,0.922550414158838,6,0,0.9451309711343259,7,1,0.8906532411238437,7,2,0.8336487548007245,7,3,0.7902879807021811,7,4,0.7686740113856478,7,5,0.7714358292392579,7,6,0.7934783410578743,7,7,0.8189242369555534,7,1
0,0.5736617694014186,0,1,0.4615199613958416,0,2,0.4394504630265851,0,3,0.5026855748091059,0,4,0.6165154042088126,0,5,0.7288166947516015,0,6,0.79447570670508,0,7,0.7901732866682292,0,0,0.42862693260845197,1,1,0.34622708243052225,1,2,0.3681254850646154,1,3,0.48453201670406654,1,4,0.6529647016437639,1,5,0.8125639791143199,1,6,0.9088185507818791,1,7,0.9185631989734463,1,0,0.2793073979902784,2,1,0.22269460706326283,2,2,0.2797131364500628,2,3,0.43514197628253887,2,4,0.6411321877409839,2,5,0.8359003488112848,2,6,0.9617671595533279,2,7,0.9939936237772062,2,0,0.15803248329252778,3,1,0.11894701367113347,3,2,0.1929287707194638,3,3,0.36421338574101536,3,4,0.5840357182821186,3,5,0.7942677130845041,3,6,0.940914686799414,3,7,0.9999999999999998,3,0,0.08088124164316757,4,1,0.04479148392000187,4,2,0.11925650280079458,4,3,0.2793160555819807,4,4,0.48764371043073035,4,5,0.6916239791310264,4,6,0.849462926156398,4,7,0.9319663719574841,4,0,0.047267276430075,5,1,0.005657816975173979,5,2,0.05993216497977638,5,3,0.1899702577121007,5,4,0.36513898855128557,5,5,0.5465185713776017,5,6,0.697686984512186,5,7,0.7960222732888711,5,0,0.05294393364956396,6,1,0,6,2,0.024272723186294698,6,3,0.11021121229421582,6,4,0.23648719101672838,6,5,0.3794510489351693,6,6,0.5126956256355264,6,7,0.6117830801617861,6,0,0.09957361446193791,7,1,0.034386279500745354,7,2,0.02534632601247233,7,3,0.06054698097011435,7,4,0.13090472311416235,7,5,0.22481466993754795,7,6,0.32498671578353516,7,7,0.40737195459640085,7,2
0,1,0,1,0.8953199513505946,0,2,0.7544659254395036,0,3,0.6009165951731965,0,4,0.4607433248790442,0,5,0.35468027450472506,0,6,0.29812878990910235,0,7,0.27873924358365226,0,0,0.913864143856174,1,1,0.7782647201164318,1,2,0.6076087473905223,1,3,0.4310381788369792,1,4,0.27965671117594115,1,5,0.1857419377712196,1,6,0.1633577245229602,1,7,0.19531137117171893,1,0,0.7247737215696074,2,1,0.5649565880634779,2,2,0.3899118711803149,2,3,0.22542650907417786,2,4,0.10829889522680375,2,5,0.06765027850045652,2,6,0.10667719317416535,2,7,0.20474519561086763,2,0,0.5163785304527693,3,1,0.34992983189258986,3,2,0.1877093264088875,3,3,0.06531242995573167,3,4,0.0051942802776638874,3,5,0.03382611385543105,3,6,0.13740248462652005,3,7,0.28459050470272523,3,0,0.36380796085604333,4,1,0.20536987144976393,4,2,0.07452971964653621,4,3,0,4,4,0.005703864673541281,4,5,0.09294745160778622,4,6,0.23684808754546346,4,7,0.3961048939167377,4,0,0.2975249912907477,5,1,0.1697156155147202,5,2,0.08043856700689272,5,3,0.05487742379164873,5,4,0.1090151842011935,5,5,0.2299999932607753,5,6,0.37958880011444585,5,7,0.5084801398051395,5,0,0.31761495162852704,6,1,0.23365250470551277,6,2,0.19155881141566733,6,3,0.21260010952156425,6,4,0.29656040303462805,6,5,0.4233390077743993,6,6,0.5467518363849109,6,7,0.6181068029319334,6,0,0.4058097157250681,7,1,0.3748474814165025,7,2,0.3800379849135249,7,3,0.4387093434804365,7,4,0.5436674500433192,7,5,0.6620645542270585,7,6,0.7463692540443133,7,7,0.7451576160356548,7,3
0,0.8725840499271932,0,1,0.9831399370163463,0,2,0.9999999999999999,0,3,0.9102221464984064,0,4,0.7319666246324268,0,5,0.5129104531122753,0,6,0.30775511042429976,0,7,0.16179947700244024,0,0,0.7432136307283443,1,1,0.8184621632230358,1,2,0.8005560374299923,1,3,0.6858581964574055,1,4,0.5024090029888886,1,5,0.30259701322455673,1,6,0.13854539694273427,1,7,0.043083818066668084,1,0,0.6361248059653415,2,1,0.6752463196164894,2,2,0.6254596889694568,2,3,0.496004897385094,2,4,0.32133921738014193,2,5,0.15373976863257038,2,6,0.039119754314845434,2,7,0,2,0,0.5698602642992137,3,1,0.5849667338388461,3,2,0.5193208168540357,3,3,0.3901972746581942,3,4,0.23494587208331935,3,5,0.10726596890994466,3,6,0.04255548483156188,3,7,0.052604096946977874,3,0,0.5587012752287758,4,1,0.5646955072306253,4,2,0.5007213297661475,4,3,0.385940806442801,4,4,0.2605279961677985,4,5,0.17319596345493848,4,6,0.15290218114001208,4,7,0.195172634495079,4,0,0.5955995654584348,5,1,0.60780692578737,5,2,0.5592136225094412,5,3,0.46962257894370135,5,4,0.3769914303575772,5,5,0.3242964942775465,5,6,0.3324033747307351,5,7,0.3904897728248373,5,0,0.6613041702277919,6,1,0.6861254222966072,6,2,0.656957252132484,6,3,0.5927926359599409,6,4,0.526538438031332,6,5,0.49716280877292107,6,6,0.5180045531502143,6,7,0.5749214127869973,6,0,0.7295497808549087,7,1,0.7656924768565784,7,2,0.7499051408861362,7,3,0.7009127164506532,7,4,0.6497312199907763,7,5,0.6255936206734383,7,6,0.6441409816421293,7,7,0.6891674886166919,7,4
0,0.8619957424294693,0,1,0.9740894075968611,0,2,1,0,3,0.9659848247093816,0,4,0.9093978969663492,0,5,0.8701605694334242,0,6,0.8784815465808864,0,7,0.9479226520265474,0,0,0.8909026856516342,1,1,0.9709597004509549,1,2,0.9687962083748356,1,3,0.9100309690694626,1,4,0.8332575475356263,1,5,0.7826195528315807,1,6,0.7850159798532093,1,7,0.8526947840850709,1,0,0.929002995790251,2,1,0.982619696122544,2,2,0.9536885081597657,2,3,0.8672484435932581,2,4,0.762598901464165,2,5,0.68524301350512,2,6,0.6632032414115807,2,7,0.710954279288623,2,0,0.9406167782546382,3,1,0.9743472717276656,3,2,0.9250650438141135,3,3,0.8157517800951775,3,4,0.6839648705031327,3,5,0.5756355881500945,3,6,0.5198166994115155,3,7,0.5359225798838264,3,0,0.8904680318541767,4,1,0.9135127075578084,4,2,0.8552285643817565,4,3,0.7344366113134024,4,4,0.5879621902610294,4,5,0.4565792397973724,4,6,0.37041839769341595,4,7,0.3541284598151049,4,0,0.7654997605888534,5,1,0.7789752157847643,5,2,0.723196203708977,5,3,0.6100041938450078,5,4,0.4708540826794527,5,5,0.33401960737450553,5,6,0.23282396687768947,5,7,0.19216850413564335,5,0,0.5699762781614599,6,1,0.5785371265271703,6,2,0.5343317007712175,6,3,0.44653775332159257,6,4,0.33203981108232483,6,5,0.21415956149031917,6,6,0.11824861591876767,6,7,0.07029134947053362,6,0,0.34774685420473705,7,1,0.3476937462105796,7,2,0.31929578882467846,7,3,0.26524811264811227,7,4,0.1922476320110194,7,5,0.1121064459689261,7,6,0.04021893753990202,7,7,0,7,5
0,0.7621546911127208,0,1,0.6360657482925457,0,2,0.4782804784448371,0,3,0.31564799413376554,0,4,0.17395244059988887,0,5,0.07320957238085471,0,6,0.018309634006293707,0,7,0.00011162558088798069,0,0,0.8437508456126432,1,1,0.7151078322537738,1,2,0.5519905606408961,1,3,0.3792224088572077,1,4,0.22367356456691095,1,5,0.10480746664761426,1,6,0.03245423148584514,1,7,0,1,0,0.9198765349895663,2,1,0.7992938981237754,2,2,0.6412625846961293,2,3,0.47056404150691655,2,4,0.3119985220086673,2,5,0.18391280236582763,2,6,0.09584441008497044,2,7,0.04662875021532498,2,0,0.9772952085832058,3,1,0.8700664732993499,3,2,0.7274413451594055,3,3,0.5691661257349461,3,4,0.41956341077396675,3,5,0.29331313192275876,3,6,0.197785807117211,3,7,0.13513426951795526,3,0,1,4,1,0.907360567788762,4,2,0.781517255650751,4,3,0.6440996399073768,4,4,0.5140823949414441,4,5,0.4018153046887055,4,6,0.31130660613801425,4,7,0.24422027751447503,4,0,0.9718341703138507,5,1,0.8894558676355568,5,2,0.7807008452572854,5,3,0.667348679572534,5,4,0.5647359961932865,5,5,0.47770246841724506,5,6,0.405751496132305,5,7,0.34657931448955703,5,0,0.883328020426611,6,1,0.8074298881298514,6,2,0.7141904093400293,6,3,0.6252040448366121,6,4,0.5540294990639558,6,5,0.5001468004852927,6,6,0.4577120968719194,6,7,0.4182334742946841,6,0,0.7414679529434671,7,1,0.6678174227369322,7,2,0.5883928725173222,7,3,0.5240153406678569,7,4,0.484172303259581,7,5,0.4665364752949719,7,6,0.45804089191016983,7,7,0.4479409782367292,7,6
0,0.6155878277723454,0,1,0.7161175289959156,0,2,0.7821665538361677,0,3,0.8085012437795911,0,4,0.7952753583668821,0,5,0.7497549569384263,0,6,0.6806144520637691,0,7,0.6045808777719375,0,0,0.5313756217898117,1,1,0.6156722227477797,1,2,0.6901410129149506,1,3,0.751855633452277,1,4,0.7904505871515752,1,5,0.7976650975981256,1,6,0.7726272389283539,1,7,0.7201205869474379,1,0,0.44795544358093364,2,1,0.5190627761062937,2,2,0.6074270336015675,2,3,0.7045823035482053,2,4,0.793559873363026,2,5,0.853175848515235,2,6,0.8674805109546402,2,7,0.8306995124068968,2,0,0.36816573712734313,3,1,0.43173816995935743,3,2,0.5354613494554665,3,3,0.6668755231809484,3,4,0.8009211958863915,3,5,0.9039615994756693,3,6,0.9504131346636906,3,7,0.922281101810525,3,0,0.28368689336161057,4,1,0.34315557849985096,4,2,0.4624641561976759,4,3,0.6249526578554119,4,4,0.7951488360233483,4,5,0.9328974971223591,4,6,1,4,7,0.9757782453763013,4,0,0.18995003544807598,5,1,0.24241435827935062,5,2,0.37389046739354925,5,3,0.5594374933689558,5,4,0.7564807778333626,5,5,0.9160043484371276,5,6,0.9971084614101144,5,7,0.9760652579910858,5,0,0.09120362543371519,6,1,0.12992921765659945,6,2,0.2618837120258799,6,3,0.45553077911685125,6,4,0.6655630538372306,6,5,0.8353316845691603,6,6,0.9229939861906853,6,7,0.9045230772618409,6,0,0,7,1,0.016819881134081602,7,2,0.1310220726880347,7,3,0.31263070083652333,7,4,0.5135863818491373,7,5,0.6794962050343696,7,6,0.7671627931554488,7,7,0.7558998695214743,7,7
0,1,0,1,0.79104830643665,0,2,0.5744336163822474,0,3,0.4215913452402046,0,4,0.3849024268300038,0,5,0.4646389660692444,0,6,0.6106972499077332,0,7,0.739233280058845,0,0,0.8942056931349882,1,1,0.719016014552721,1,2,0.5356215709854932,1,3,0.40397703307285276,1,4,0.36057804485345596,1,5,0.4042340005666787,1,6,0.48630845402871703,1,7,0.5426218900136365,1,0,0.790668553918501,2,1,0.6651305501175813,2,2,0.5218295821099878,2,3,0.4112303404523088,2,4,0.35737009394564484,2,5,0.3525711111557548,2,6,0.36513621355203396,2,7,0.3449908754226215,2,0,0.7027621051774564,3,1,0.6258194536659675,3,2,0.5269972029298776,3,3,0.4366520467909888,3,4,0.3652615248045148,3,5,0.31429988465800635,3,6,0.26136366603939754,3,7,0.17470963204366308,3,0,0.6209979982576171,4,1,0.5926532604841425,4,2,0.5363742554742402,4,3,0.4639279905816661,4,4,0.3814735266659784,4,5,0.2929522875403268,4,6,0.18785196582671393,4,7,0.05691970098226118,4,0,0.5325966221681309,5,1,0.5462252658912401,5,2,0.5307028596978133,5,3,0.480111070183165,5,4,0.3964941793254845,5,5,0.2866941810242378,5,6,0.1557721726454003,5,7,0,5,0,0.4176952995715208,6,1,0.46432685535779916,6,2,0.4868922675474418,6,3,0.4656397105834465,6,4,0.3972469056580018,6,5,0.29068842343870627,6,6,0.15818020445871406,6,7,0.003951778448536281,6,0,0.2545846692524104,7,1,0.32791606501350556,7,2,0.385254482969793,7,3,0.401432507345811,7,4,0.3678977487565141,7,5,0.2904085270773275,7,6,0.18084471563830276,7,7,0.04798309158150754,7,8
0,0.4109157649142377,0,1,0.41623658850897083,0,2,0.42311936569323355,0,3,0.4231850314320208,0,4,0.41018968006311396,0,5,0.3850443960054797,0,6,0.35543841751399347,0,7,0.33119782488659366,0,0,0.5519792947742677,1,1,0.5498271949991409,1,2,0.5335336748507459,1,3,0.49832119779681716,1,4,0.44320245567670025,1,5,0.3750572749919755,1,6,0.3093915947651267,1,7,0.26044179337878204,1,0,0.7046437441477628,2,1,0.6801350287895123,2,2,0.6248608716248011,2,3,0.5393296802969749,2,4,0.4299774845734079,2,5,0.3155181765790185,2,6,0.2186973311942385,2,7,0.16249612764347388,2,0,0.8428634733313245,3,1,0.7873949972988397,3,2,0.6871929545148872,3,3,0.5482124864070628,3,4,0.388248361670556,3,5,0.23608449841673923,3,6,0.12067760071800587,3,7,0.0674587492836366,3,0,0.9433045209995901,4,1,0.8577676601346182,4,2,0.7182403119557313,4,3,0.5391635113080808,4,4,0.3458659183240964,4,5,0.17185328014908147,4,6,0.050943894393766675,4,7,0.006541205683719076,4,0,0.9930931103514979,5,1,0.8863414053727273,5,2,0.7247768865872848,5,3,0.5279412364270782,5,4,0.3237974749407248,5,5,0.1489023375369255,5,6,0.03369126198624317,5,7,0,5,0,1,6,1,0.8863342458910679,6,2,0.7228987767947945,6,3,0.5302023338279463,6,4,0.33821253617295344,6,5,0.1796042629315358,6,6,0.07941974528262641,6,7,0.05375550895977799,6,0,0.985560956109522,7,1,0.87818608654453,7,2,0.730548627974421,7,3,0.5599584826024258,7,4,0.39657990051612924,7,5,0.2652227370583548,7,6,0.18502565296916373,7,7,0.16206101522094446,7,9
0,0.7666106996760882,0,1,0.6673942925265266,0,2,0.5609337874265706,0,3,0.45703332199618896,0,4,0.3553106783672313,0,5,0.25597620154565165,0,6,0.15891096138450117,0,7,0.06077552036308964,0,0,0.8956117281532053,1,1,0.7719793130882028,1,2,0.641546542486903,1,3,0.5159211846777333,1,4,0.3975700155469502,1,5,0.2893266801687469,1,6,0.18639562667418574,1,7,0.0871470799538196,1,0,0.9850045772391056,2,1,0.8438779058578776,2,2,0.6968385324395048,2,3,0.5601322463441848,2,4,0.43463159434923865,2,5,0.31980704622328276,2,6,0.20987501412625864,2,7,0.10541822050913269,2,0,1,3,1,0.847296463283607,3,2,0.6975468275783927,3,3,0.5607349996637716,3,4,0.4380292541703821,3,5,0.3263705217977856,3,6,0.21695069438426656,3,7,0.11192994714937221,3,0,0.917779577771547,4,1,0.7617987916132538,4,2,0.6175780536710618,4,3,0.49344346697195896,4,4,0.38757019337134424,4,5,0.2934069201709518,4,6,0.20241771666270322,4,7,0.11394589311951248,4,0,0.7476771796295173,5,1,0.5925005760045956,5,2,0.4585420232228656,5,3,0.35641390909062604,5,4,0.27997933544364717,5,5,0.2194587186317934,5,6,0.16774833334635958,5,7,0.11966020859761778,5,0,0.5220141638104177,6,1,0.37138457408836273,6,2,0.25429604255535715,6,3,0.17742359101693028,6,4,0.13745750928749312,6,5,0.1258058125307746,6,6,0.13041200538168957,6,7,0.14181035399480446,6,0,0.2907245021016679,7,1,0.15120953430596312,7,2,0.051137048222570924,7,3,0,7,4,0.0008465178516994798,7,5,0.04338460468953392,7,6,0.11341233999535177,7,7,0.19174858065380446,7,10
0,0.3985225648554424,0,1,0.3107614261129577,0,2,0.21754988758847965,0,3,0.14184591703122157,0,4,0.08480278906568217,0,5,0.04013467667759152,0,6,0.009718863193923566,0,7,0,0,0,0.5364804798684896,1,1,0.4545967059760106,1,2,0.34961247018276576,1,3,0.25290859041269437,1,4,0.1756028464083113,1,5,0.12393440642072506,1,6,0.09440423781746499,1,7,0.08944901586078102,1,0,0.6704658635592784,2,1,0.6150331629239519,2,2,0.5156199623156532,2,3,0.4096516799036095,2,4,0.3197237283768602,2,5,0.2586521109953595,2,6,0.2283608726286499,2,7,0.22517152952315234,2,0,0.7665818222502467,3,1,0.7443210253898486,3,2,0.6642221354662959,3,3,0.5582321575433948,3,4,0.46259265593237875,3,5,0.3951246096049469,3,6,0.36106294888656876,3,7,0.3571850665164157,3,0,0.8099699453080633,4,1,0.8201705303929913,4,2,0.7635661689350441,4,3,0.6666433948776471,4,4,0.5673509848666531,4,5,0.49433494672886047,4,6,0.45872181185000105,4,7,0.4590619005469232,4,0,0.8231543697135335,5,1,0.8575836172609802,5,2,0.8163362074247421,5,3,0.7297996073157887,5,4,0.6293229681339232,5,5,0.5500028091896325,5,6,0.5119651711040178,5,7,0.5233158509347862,5,0,0.8571815436189216,6,1,0.9010961978564178,6,2,0.8683314712013397,6,3,0.7771869454227478,6,4,0.6675633963531699,6,5,0.5787800574480491,6,6,0.5389962502405119,6,7,0.5621882401836255,6,0,0.9595700179399755,7,1,1,7,2,0.957501995640967,7,3,0.849884577656372,7,4,0.7180141296789787,7,5,0.608895311427523,7,6,0.5615766588903108,7,7,0.5949351722532196,7,11
0,0.5797308023740447,0,1,0.4158311315260863,0,2,0.2589458339615276,0,3,0.12421599071096279,0,4,0.03081665944342138,0,5,0,0,6,0.03999647309601517,0,7,0.15021752945217215,0,0,0.4507300564346144,1,1,0.2833806942590431,1,2,0.150381695134163,1,3,0.05665895296789114,1,4,0.011725290903908059,1,5,0.024091992342334168,1,6,0.09446814543070925,1,7,0.21801196614219998,1,0,0.37445833616350443,2,1,0.22645743708542931,2,2,0.13898403647460067,2,3,0.1058498923525979,2,4,0.12263397523157482,2,5,0.18467618852162482,2,6,0.2803366057553678,2,7,0.4049170055983823,2,0,0.3576669469963796,3,1,0.2477852160160391,3,2,0.21695730083902331,3,3,0.251373941495766,3,4,0.3297049224573628,3,5,0.4306610157119154,3,6,0.5388395254830232,3,7,0.6463185140936726,3,0,0.3989566397195682,4,1,0.3320838091037074,4,2,0.35749674535878573,4,3,0.44597015491463654,4,4,0.5658617432239021,4,5,0.684903914107048,4,6,0.7844874975010704,4,7,0.8574576823724815,4,0,0.4841819152963437,5,1,0.4586876715429633,5,2,0.5231536500505719,5,3,0.643077670884512,5,4,0.7732294342952235,5,5,0.8815274426132493,5,6,0.9468203744589727,5,7,0.9689870263267778,5,0,0.6064591393739053,6,1,0.6108976531462116,6,2,0.6945349923266915,6,3,0.8113844154566492,6,4,0.9165840225274736,6,5,0.9835590061059539,6,6,0.995022289862287,6,7,0.9621469275288829,6,0,0.7521104736880275,7,1,0.7757566423808799,7,2,0.8524848392080033,7,3,0.9391942063879974,7,4,0.9958615464605293,7,5,1,7,6,0.9498600583635755,7,7,0.8661159093596372,7,12
0,0.9394621350522138,0,1,0.8397911376040638,0,2,0.7338803763687876,0,3,0.6371006444380405,0,4,0.5594176916702058,0,5,0.5027977914253989,0,6,0.456585707701855,0,7,0.4007873754642149,0,0,0.9924774366604557,1,1,0.9000512542274361,1,2,0.7862634242123235,1,3,0.6713503291153091,1,4,0.5691754765244222,1,5,0.4855780320280537,1,6,0.41224990424013536,1,7,0.3314173238667356,1,0,1.0000000000000002,2,1,0.9200841758938623,2,2,0.8133499736642433,2,3,0.693343914128052,2,4,0.5788026709339236,2,5,0.475371173994832,2,6,0.37651504333905333,2,7,0.2710550780704193,2,0,0.9512158875642146,3,1,0.8851075050309908,3,2,0.7908538391517964,3,3,0.6785865990919757,3,4,0.5632850200414589,3,5,0.4496581465790455,3,6,0.33447429583273103,3,7,0.21023682292502388,3,0,0.847087456907657,4,1,0.7905515330607493,4,2,0.7100230504450531,4,3,0.6138888252391056,4,4,0.5082811115237997,4,5,0.396186892280857,4,6,0.27427266344743284,4,7,0.14217944403731764,4,0,0.7084197312620457,5,1,0.6535569302685881,5,2,0.5850102249434467,5,3,0.5060176435250214,5,4,0.4176140348747841,5,5,0.317696695530447,5,6,0.20288666355080143,5,7,0.07716602083987278,5,0,0.5676603903614823,6,1,0.5066866828222679,6,2,0.44306294102529453,6,3,0.3807810680013061,6,4,0.31426697588558516,6,5,0.23379938101297315,6,6,0.13527042539900502,6,7,0.025725546097892016,6,0,0.4540379254946842,7,1,0.38059239531699707,7,2,0.3165532607133806,7,3,0.2677647453004869,7,4,0.2213781865301755,7,5,0.16461928747989696,7,6,0.08843897393085265,7,7,0,7,13
0,0,0,1,0.0982037069742574,0,2,0.1901588044941659,0,3,0.24919277251393815,0,4,0.25796944268305405,0,5,0.22775025213017555,0,6,0.1916376490956072,0,7,0.18605228602465101,0,0,0.2701170901787024,1,1,0.33354694327915624,1,2,0.36155108293592864,1,3,0.3380167427181942,1,4,0.270088931381067,1,5,0.19222964360976352,1,6,0.1511380993572572,1,7,0.17578477314104612,1,0,0.507437615769796,2,1,0.5382387746760771,2,2,0.5067006070266832,2,3,0.4135796642338034,2,4,0.29175392797460503,2,5,0.1928579395316663,2,6,0.1697955306518163,2,7,0.2426786963738502,2,0,0.6857813382405592,3,1,0.6887975094873666,3,2,0.6087042010858564,3,3,0.46993990258708157,3,4,0.3192575396796905,3,5,0.2277571247610791,3,6,0.2442345886497545,3,7,0.3728442037656613,3,0,0.7974204589833934,4,1,0.7744875633167333,4,2,0.6599654859348216,4,3,0.4966611352268312,4,4,0.35043348811669256,4,5,0.28969606780088186,4,6,0.3539740090576513,4,7,0.5341591541076951,4,0,0.8415112774188793,5,1,0.7876964013705137,5,2,0.6519048086285953,5,3,0.4901979544642653,5,4,0.37242192653768935,5,5,0.35840711572881934,5,6,0.47738347154280636,5,7,0.7001006322568104,5,0,0.8260616315211322,6,1,0.741152184459706,6,2,0.59527999914214,6,3,0.4529718086027257,6,4,0.3796903806911655,6,5,0.42879398589373463,6,6,0.5980437344149065,6,7,0.8524988468860998,6,0,0.7622885095185845,7,1,0.6486704239083018,7,2,0.5042530646463487,7,3,0.3934989924421044,7,4,0.38091787429937346,7,5,0.4947260920718491,7,6,0.7195214811144747,7,7,1,7,14
0,0.9546854281448787,0,1,0.849655389509589,0,2,0.8032761958978311,0,3,0.8213526305474647,0,4,0.8793547962616598,0,5,0.9365420634173657,0,6,0.9676360696963484,0,7,0.962990024190725,0,0,1,1,1,0.8837050341956703,1,2,0.82124624029844,1,3,0.8203987757451807,1,4,0.8617087401105923,1,5,0.9082717786050838,1,6,0.9348642853883868,1,7,0.9293383728295541,1,0,0.9914828209694079,2,1,0.8688964835728311,2,2,0.7995233355983931,2,3,0.7913714245048259,2,4,0.8258135029597339,2,5,0.8718345470014216,2,6,0.9019792106593325,2,7,0.9063684788892353,2,0,0.9223116147077542,3,1,0.7992727056535373,3,2,0.7264503310399689,3,3,0.7172303988288883,3,4,0.7552381534856479,3,5,0.808286477800065,3,6,0.8544488856414174,3,7,0.8777593903204222,3,0,0.8069652877872413,4,1,0.674221088868693,4,2,0.5989991045600358,4,3,0.5901680147058811,4,4,0.6345060319677975,4,5,0.7036334408706162,4,6,0.7724321766597606,4,7,0.8224997106739009,4,0,0.6669556589625559,5,1,0.5119455510227713,5,2,0.4233753856758522,5,3,0.4111648737762783,5,4,0.46380546770691,5,5,0.5550867339282559,5,6,0.6532329866531738,5,7,0.7377275173966076,5,0,0.5271827700564311,6,1,0.3382987329585376,6,2,0.22387915357954213,6,3,0.20266226837228885,6,4,0.26380976382226606,6,5,0.37990600151208365,6,6,0.5130745055785314,6,7,0.6386668826082571,6,0,0.4161821409701715,7,1,0.18563009865426594,7,2,0.03849833123817581,7,3,0,7,4,0.06620594090214527,7,5,0.20771103614785746,7,6,0.3807090756269804,7,7,0.5479857126623029,7,15
0,0.06400149240467923,0,1,0.07555706510872895,0,2,0.14169497210846926,0,3,0.24156610221029007,0,4,0.3520513010937445,0,5,0.4522806260560509,0,6,0.5465412010869866,0,7,0.6536152645236347,0,0,0.01041168006034665,1,1,0.010104299550303453,1,2,0.05998817096087672,1,3,0.15205547873626446,1,4,0.2658096054661938,1,5,0.3857241793808432,1,6,0.5177078823281309,1,7,0.6752343504796592,1,0,0.01933385114413877,2,1,0,2,2,0.03232557301601935,2,3,0.10702689430475754,2,4,0.2098583481962728,2,5,0.32978576608093046,2,6,0.47369021971035563,2,7,0.6546259554295032,2,0,0.0924598149234599,3,1,0.06627422657336723,3,2,0.08671812426112224,3,3,0.14757692455375926,3,4,0.23268103465308643,3,5,0.3376856644228888,3,6,0.46674775542371505,3,7,0.6341470928773705,3,0,0.23426689670196243,4,1,0.2136266213311382,4,2,0.23524422466977046,4,3,0.28967686681994304,4,4,0.3585222113832146,4,5,0.4371372050392348,4,6,0.5293007500370615,4,7,0.6526600400232534,4,0,0.4391265778774632,5,1,0.4307852523122673,5,2,0.461686237154514,5,3,0.5141395100886886,5,4,0.5682791164157682,5,5,0.6143005286888871,5,6,0.6595622958076455,5,7,0.7209514345370933,5,0,0.6785814152568463,6,1,0.6826663664005422,6,2,0.7190207266277008,6,3,0.7662003853438978,6,4,0.805157819302288,6,5,0.8221374474341819,6,6,0.8234521045945089,6,7,0.8241230946494366,6,0,0.9085471857468872,7,1,0.9132784724284548,7,2,0.9416617408552471,7,3,0.9769568754693168,7,4,0.9999999999999999,7,5,0.9944614732858863,7,6,0.9652429429642393,7,7,0.9227089653304722,7,16
0,0.2811768676276574,0,1,0.11753136572794769,0,2,0.08932971379480101,0,3,0.20674532837662152,0,4,0.4273950054073484,0,5,0.6762983537545095,0,6,0.8690043669515704,0,7,0.9451279768453302,0,0,0.2733850007891409,1,1,0.09076994843569434,1,2,0.04686143052367664,1,3,0.15644348780988226,1,4,0.38619046952409086,1,5,0.6584849268950521,1,6,0.8867956534042325,1,7,1,1,0,0.2601377210594181,2,1,0.07119263881745232,2,2,0.012331361133636726,2,3,0.10532083112045756,2,4,0.3225306937386786,2,5,0.5959237420232608,2,6,0.8384279055578603,2,7,0.9800790097136804,2,0,0.23359029052210825,3,1,0.06101109179382844,3,2,0,3,3,0.07548492812779273,3,4,0.2691108491633704,3,5,0.522928943447653,3,6,0.7597057419690274,3,7,0.9152771298594873,3,0,0.19124979318486807,4,1,0.06361021241720012,4,2,0.021503509546370175,4,3,0.0907530549985661,4,4,0.25801590630288307,4,5,0.47764132570439605,4,6,0.6900099503273212,4,7,0.8419610308806091,4,0,0.14465935068148916,5,1,0.07988384452193997,5,2,0.07886876989831841,5,3,0.15631844475570203,5,4,0.3029141691670355,5,5,0.4839657712599701,5,6,0.6574922801986941,5,7,0.7905590449385853,5,0,0.0967991397365215,6,1,0.10394813607927769,6,2,0.15672939851719245,6,3,0.25670210824570666,6,4,0.3907835349825708,6,5,0.5352376251346598,6,6,0.6674981553446391,6,7,0.7715311005188272,6,0,0.04911212943619207,7,1,0.1221901091862059,7,2,0.22999569213097648,7,3,0.35645862082060614,7,4,0.4858436391319406,7,5,0.6002729698402582,7,6,0.6947932521236009,7,7,0.7701736914718516,7,17
0,0.10220866043179477,0,1,0.35047170817018847,0,2,0.6032895474073114,0,3,0.8016183150135084,0,4,0.9165359640724728,0,5,0.9561976549145202,0,6,0.9502956340522267,0,7,0.9364334605429827,0,0,0.1594467541527318,1,1,0.40549134521327823,1,2,0.6587488886042995,1,3,0.8587600394820448,1,4,0.9734567881758702,1,5,1,1,6,0.9718545590977717,1,7,0.9336912512989832,1,0,0.21084062923867075,2,1,0.4485066243382817,2,2,0.6986190435489001,2,3,0.8926457232705624,2,4,0.9891235806289198,2,5,0.987615542047939,2,6,0.920856322806463,2,7,0.8454182452193328,2,0,0.23349833961140543,3,1,0.4622457444253428,3,2,0.7009177037544729,3,3,0.8816224057752883,3,4,0.9596334739619992,3,5,0.9309284746944012,3,6,0.8294546285144231,3,7,0.7199154444347108,3,0,0.21263940820326865,4,1,0.42543669494109376,4,2,0.6508324014501425,4,3,0.8210844151552136,4,4,0.8865536249822717,4,5,0.8440571882206965,4,6,0.7284988589172152,4,7,0.6056772896989424,4,0,0.14948685707068898,5,1,0.34270545055748725,5,2,0.5530027736580911,5,3,0.7147813318210807,5,4,0.782019308581434,5,5,0.7479592334147155,5,6,0.6469358923395825,5,7,0.5351303386228672,5,0,0.06574945634764728,6,1,0.2368675177061731,6,2,0.4307544899700479,6,3,0.5894862581278315,6,4,0.6718406082809049,6,5,0.6668100170101285,6,6,0.6031442328283021,6,7,0.5266935220427863,6,0,0,7,1,0.1503207072617252,7,2,0.32973458486789897,7,3,0.4908333041018547,7,4,0.5942010907347529,7,5,0.6316201166779899,7,6,0.6175077150257395,7,7,0.5917011205259344,7,18
0,0.5033133701634864,0,1,0.2541199314389927,0,2,0.07854852838545318,0,3,0,0,4,0.019199819915066252,0,5,0.10765901649554871,0,6,0.2201802283139622,0,7,0.30711546846946775,0,0,0.4000984361867698,1,1,0.19100710048435454,1,2,0.0648363657805725,1,3,0.03428090371676812,1,4,0.0879129522695849,1,5,0.18831553528425976,1,6,0.2917724967532982,1,7,0.35862123731026946,1,0,0.2889063047722531,2,1,0.15842083687470632,2,2,0.11409381376749039,2,3,0.15306463123057945,2,4,0.2484519008688045,2,5,0.3609975982593906,2,6,0.4478814474877134,2,7,0.4798379671828541,2,0,0.19854912198814761,3,1,0.16691276803281205,3,2,0.21745479121880557,3,3,0.3289351431654766,3,4,0.465043639408121,3,5,0.5818341297439886,3,6,0.6442707998721462,3,7,0.6337906556909723,3,0,0.14892337403620726,4,1,0.21818230246501014,4,2,0.3512358423952059,4,3,0.5204880195632957,4,4,0.6825554724754777,4,5,0.7954639843256236,4,6,0.8283412124463542,4,7,0.775331700282053,4,0,0.14878193564076592,5,1,0.29242599460185986,5,2,0.4811505487964499,5,3,0.6800590312576508,5,4,0.8471635369186128,5,5,0.9448813097991919,5,6,0.9498647040451016,5,7,0.8637747735505399,5,0,0.18440877486610324,6,1,0.36875517365589067,6,2,0.5733200709873012,6,3,0.7706323984075927,6,4,0.9239899158749096,6,5,1,6,6,0.9840707745030075,6,7,0.8822265984061564,6,0,0.23461188475985673,7,1,0.41992184660225507,7,2,0.6080221674893916,7,3,0.7809148257952505,7,4,0.9090700390614539,7,5,0.9651396643161059,7,6,0.9381501959467704,7,7,0.839582764106166,7,19
0,0.8458322592048664,0,1,0.9069356316677085,0,2,0.9474760184993116,0,3,0.9675809198733814,0,4,0.9654983214574764,0,5,0.9435310644959513,0,6,0.903699787713525,0,7,0.844799401141955,0,0,0.896107004186215,1,1,0.9378705721832226,1,2,0.9498837777434151,1,3,0.9358686426098886,1,4,0.8991078549866398,1,5,0.8464030563935632,1,6,0.7847883419219329,1,7,0.7171593137382687,1,0,0.9254312789972368,2,1,0.9404998432207177,2,2,0.9177488162720303,2,3,0.8660307762526718,2,4,0.7951314769752209,2,5,0.7134923637849632,2,6,0.6315180818565455,2,7,0.5553526537981233,2,0,0.9271019486560815,3,1,0.9135217566200826,3,2,0.8569597850207791,3,3,0.771371567467494,3,4,0.669294684948065,3,5,0.5622396602679816,3,6,0.45973109549505975,3,7,0.3773121599045599,3,0,0.9105957627739585,4,1,0.8731018199939384,4,2,0.7890471647719335,4,3,0.6759070219586795,4,4,0.5478017932987332,4,5,0.4161039037586752,4,6,0.2957513936484787,4,7,0.2042831777146975,4,0,0.9037784533519625,5,1,0.8479159253938131,5,2,0.7450972820881001,5,3,0.6126706496212172,5,4,0.4636643023651644,5,5,0.31014393843120536,5,6,0.1707650655281705,5,7,0.06764468962706738,5,0,0.9314289530714585,6,1,0.8616419123302526,6,2,0.7486876034236957,6,3,0.6053469777611136,6,4,0.4425211546575164,6,5,0.2725755929895371,6,6,0.11669760887574021,6,7,0,6,0,0.9999999999999999,7,1,0.9201668020988675,7,2,0.8026886396927269,7,3,0.657750074476841,7,4,0.49147385008229805,7,5,0.31516652559079006,7,6,0.14855407907043616,7,7,0.0203186927580008,7,20
0,0.5385190566659782,0,1,0.5304590390736298,0,2,0.4746007625806875,0,3,0.3861299394738969,0,4,0.2836396942815578,0,5,0.18557336455323548,0,6,0.10228886166974221,0,7,0.04643676635635974,0,0,0.5669866291746708,1,1,0.5162005385216222,1,2,0.43491676183092176,1,3,0.33432215732135656,1,4,0.2286303987507714,1,5,0.12879391192270528,1,6,0.04758266057174865,1,7,0,1,0,0.6142613315268322,2,1,0.5255291316869086,2,2,0.4232365967268895,2,3,0.31667521888965366,2,4,0.2134872541396789,2,5,0.12003629841009089,2,6,0.043073316002454454,2,7,0.0002816091555530864,2,0,0.6771486982146252,3,1,0.5622217172131292,3,2,0.44817473839833993,3,3,0.3447300368254342,3,4,0.2496467033394305,3,5,0.16413502595307455,3,6,0.09229299444427164,3,7,0.05049711087000597,3,0,0.7498662676967435,4,1,0.6276652185692608,4,2,0.5159718544641007,4,3,0.4204273365519108,4,4,0.33751208995600224,4,5,0.26105562603435173,4,6,0.19386557578553354,4,7,0.14815234600815635,4,0,0.8305527603384949,5,1,0.7207185249947525,5,2,0.6211823778054751,5,3,0.5399690597805492,5,4,0.47197729660597965,5,5,0.4065095104133345,5,6,0.3430883343549872,5,7,0.2930755447029177,5,0,0.917456179967845,6,1,0.8311485839752214,6,2,0.7546577097581045,6,3,0.6922786208999433,6,4,0.6407240135995927,6,5,0.5872685891228132,6,6,0.5297821225197656,6,7,0.4744186519734077,6,0,1,7,1,0.946382510812356,7,2,0.895682119659139,7,3,0.8559308888395901,7,4,0.8234426926537219,7,5,0.7854504675528524,7,6,0.7359392059254813,7,7,0.6836347876399169,7,21
0,0.6679849293707703,0,1,0.6623681458939982,0,2,0.6010594497453644,0,3,0.4960610704096078,0,4,0.3644718210223425,0,5,0.22416066394650672,0,6,0.09591944731757465,0,7,0,0,0,0.8197103762688589,1,1,0.8186513046781768,1,2,0.7547920396854662,1,3,0.6408933690818368,1,4,0.49706992352456814,1,5,0.3461762152491297,1,6,0.21302629069941706,1,7,0.11857464429245722,1,0,0.9372985808554885,2,1,0.9383085000312734,2,2,0.873221835993819,2,3,0.7555148936918378,2,4,0.6055893293084873,2,5,0.4535205289290797,2,6,0.3264061478485782,2,7,0.24338426350748432,2,0,0.9991663251121903,3,1,0.997434008016044,3,2,0.9292709559893644,3,3,0.8063517579564554,3,4,0.6566950535495248,3,5,0.510423113283929,3,6,0.39748113808897323,3,7,0.33519020354681095,3,0,0.9999999999999999,4,1,0.9920277046068819,4,2,0.9139834337395744,4,3,0.7848142139054671,4,4,0.6316110611540069,4,5,0.4928307230397613,4,6,0.3975887923214247,4,7,0.3603673039747922,4,0,0.9573987138759519,5,1,0.9352798189488035,5,2,0.8434764118718133,5,3,0.7000494087244307,5,4,0.5408288170991535,5,5,0.40529155046145615,5,6,0.3249757834692353,5,7,0.3081308705209542,5,0,0.8941575081867852,6,1,0.8565999006204328,6,2,0.7463940153014929,6,3,0.5872541955678345,6,4,0.41677760936811015,6,5,0.27786308868540177,6,6,0.2032633940991717,6,7,0.19727857634738363,6,0,0.8329603043181653,7,1,0.7823424353083095,7,2,0.6581552848018717,7,3,0.4843842714534816,7,4,0.3013092511546843,7,5,0.15400849396643015,7,6,0.07488111322384369,7,7,0.0637554536708769,7,22
0,0.6659292913305302,0,1,0.8138741101145484,0,2,0.879552266371123,0,3,0.853495279714608,0,4,0.7484010988156062,0,5,0.6015206228581982,0,6,0.45189088857337145,0,7,0.34240977393065974,0,0,0.7588126965028986,1,1,0.9014072358148784,1,2,0.9587053072983426,1,3,0.9194636880194796,1,4,0.7983430326453248,1,5,0.6331176160896391,1,6,0.4675389828624129,1,7,0.3403990152496892,1,0,0.8199146384365292,2,1,0.9522582953531836,2,2,1,2,3,0.9494546570796858,2,4,0.81712674657913,2,5,0.6408118830912549,2,6,0.4620318713509016,2,7,0.32151893885932414,2,0,0.8217847576503281,3,1,0.9454622673027295,3,2,0.983907748800359,3,3,0.9283734385883151,3,4,0.7948375037023748,3,5,0.6176245926813934,3,6,0.43787926182707365,3,7,0.2908721460442761,3,0,0.7551278646764926,4,1,0.8630802318236845,4,2,0.8959948509683316,4,3,0.8428884311730058,4,4,0.7189524409920407,4,5,0.5553497301950477,4,6,0.38767952546723977,4,7,0.2484091954441514,4,0,0.6281336824108136,5,1,0.7139493646504849,5,2,0.7393097008242788,5,3,0.691289062067376,5,4,0.5843353226255797,5,5,0.44518889547525975,5,6,0.30472922747294623,5,7,0.1884335036219867,5,0,0.4701280600055656,6,1,0.5270204694828515,6,2,0.5375691820519923,6,3,0.49078356024384506,6,4,0.39916226493370366,6,5,0.2879350434814316,6,6,0.18301730706091945,6,7,0.10423208225104191,6,0,0.32155661088392434,7,1,0.3432873015615364,7,2,0.33092519210927474,7,3,0.27526493900690485,7,4,0.189962375960466,7,5,0.10069102292172688,7,6,0.03335389932283542,7,7,0,7,23
0,0.5837771130975266,0,1,0.47005548377241546,0,2,0.3265032408550019,0,3,0.18508526823643667,0,4,0.0764083732491504,0,5,0.021841473558150915,0,6,0.025781479104819316,0,7,0.07713971085455273,0,0,0.635969149979299,1,1,0.522205455993069,1,2,0.3755145537675302,1,3,0.22538725661271247,1,4,0.0997548375870434,1,5,0.02192163149289883,1,6,0,1,7,0.026986155352601182,1,0,0.6984212215033819,2,1,0.5863876308416458,2,2,0.4444048062259386,2,3,0.29467758828793816,2,4,0.16387476133240036,2,5,0.07156104137924002,2,6,0.02757305554831191,2,7,0.028921533626683704,2,0,0.7702475802233096,3,1,0.6598965481584048,3,2,0.5231627549864306,3,3,0.3805676043258429,3,4,0.25208172868932166,3,5,0.15340192930866586,3,6,0.09329393847240464,3,7,0.07057400941178438,3,0,0.8440848461093358,4,1,0.7342058543770678,4,2,0.6037058435405492,4,3,0.47020508790779303,4,4,0.3491532565728544,4,5,0.25018920034265146,4,6,0.17890268435035162,4,7,0.1360593596778623,4,0,0.9098961872991357,5,1,0.8004830425688706,5,2,0.6775275905829239,5,3,0.5556506105412962,5,4,0.4444039560269474,5,5,0.3495759237658015,5,6,0.27342680372496764,5,7,0.21680929711252267,5,0,0.9601410535522888,6,1,0.856584836596938,6,2,0.7433489442143386,6,3,0.6345268375847458,6,4,0.5364925061003548,6,5,0.449755768814717,6,6,0.37399708376762647,6,7,0.3099814307069844,6,0,1,7,1,0.9063594981876915,7,2,0.8058957732888496,7,3,0.7111886566746602,7,4,0.627810217950693,7,5,0.5513246487721088,7,6,0.48004032847823447,7,7,0.41769114008956737,7,24
0,0.9999999999999999,0,1,0.7212234264785657,0,2,0.5028166077411578,0,3,0.3763402231933789,0,4,0.33661692199688253,0,5,0.342898340950132,0,6,0.34472940347646763,0,7,0.32187621080297263,0,0,0.9239704004968556,1,1,0.6466200184254823,1,2,0.4479799457478579,1,3,0.35847920653402027,1,4,0.36546031957884895,1,5,0.4208056977115113,1,6,0.46318735127457367,1,7,0.4636530333493154,1,0,0.8691148575633523,2,1,0.5943153312879118,2,2,0.40026386542188813,2,3,0.3198770634338352,2,4,0.3436113050098986,2,5,0.41656248395299617,2,6,0.4785190712597849,2,7,0.49543521957877634,2,0,0.8519160860050506,3,1,0.5817392517946154,3,2,0.37845578227042,3,3,0.2838957081491017,3,4,0.2912470854042627,3,5,0.3506942533482539,3,6,0.406593550573882,3,7,0.4218894087304243,3,0,0.8609379340545824,4,1,0.605365612932786,4,2,0.39493264418261337,4,3,0.2743142386671361,4,4,0.242611937175767,4,5,0.2636005391470705,4,6,0.2881240591981551,4,7,0.2841962647336248,4,0,0.8755293613467466,5,1,0.6501473817787896,5,2,0.44639439982740203,5,3,0.30671436353389636,5,4,0.23378738407332345,5,5,0.20624086590176127,5,6,0.1847174543649791,5,7,0.1407100462647496,5,0,0.8649801260475328,6,1,0.6916600102193646,6,2,0.5179456437550971,6,3,0.37794367987268507,6,4,0.28196136270561156,6,5,0.20853050853208288,6,6,0.1306713800109216,6,7,0.0397836098405131,6,0,0.8116501894379042,7,1,0.7053312902272574,7,2,0.5859021499881064,7,3,0.47321315968744987,7,4,0.3727844643146912,7,5,0.2672234429560195,7,6,0.14315133242662836,7,7,0,7,25
0,0.08707356364675134,0,1,0.15408720994732272,0,2,0.23079665620856127,0,3,0.3246402532090853,0,4,0.44188024304903994,0,5,0.5780019526538718,0,6,0.72582717472952,0,7,0.8673374092318235,0,0,0.018100083645616327,1,1,0.03864721834500073,1,2,0.08175383191397723,1,3,0.15868081335360418,1,4,0.2816650787898151,1,5,0.44648645565142997,1,6,0.637245161253928,1,7,0.8295053206585392,1,0,0.02502611043120395,2,1,0,2,2,0.003788018549436889,2,3,0.0603263295943165,2,4,0.18008408798170905,2,5,0.362392912264557,2,6,0.584190433595211,2,7,0.8097549906851459,2,0,0.10270605220425522,3,1,0.046413301442642885,3,2,0.02049545751950499,3,3,0.05385974157448847,3,4,0.16291356927570966,3,5,0.34543738538977764,3,6,0.575709669213083,3,7,0.8121373394691288,3,0,0.23431137689834358,4,1,0.16646317056347515,4,2,0.12552493692542843,4,3,0.14051514550191735,4,4,0.23062128985514707,4,5,0.3953451446404978,4,6,0.6114239365228613,4,7,0.8351025420153766,4,0,0.3934065763398357,5,1,0.33686589284784196,5,2,0.2967142638784122,5,3,0.29904760625318094,5,4,0.3652380540237969,5,5,0.49944985679760157,5,6,0.6823169504144487,5,7,0.8771330516948783,5,0,0.551111658348409,6,1,0.5227004062090495,6,2,0.49575385867825605,6,3,0.4918075018279403,6,4,0.5350068507749459,6,5,0.6333153605659803,6,6,0.7767175048190044,6,7,0.9348749095255926,6,0,0.6817992062627547,7,1,0.686134918402741,7,2,0.6791683076837933,7,3,0.6775183391063365,7,4,0.7028675232215948,7,5,0.7701531781956554,7,6,0.8764976656879108,7,7,1,7,26
0,0.8008519706670537,0,1,0.8046135549554034,0,2,0.7723314170417627,0,3,0.7464921288918587,0,4,0.7599930051656493,0,5,0.8153730848802748,0,6,0.900893608987738,0,7,0.9999999999999999,0,0,0.6944180592491049,1,1,0.6958190712761183,1,2,0.6727553385539597,1,3,0.6659367207034687,1,4,0.6941765132869511,1,5,0.7383365283134818,1,6,0.7864715707147807,1,7,0.8313480055097515,1,0,0.5863767981969044,2,1,0.5931012415447657,2,2,0.5813824575025215,2,3,0.5900988920710896,2,4,0.6198090900781781,2,5,0.6555711478701516,2,6,0.6690036521096762,2,7,0.6572739260781117,2,0,0.48800343289366077,3,1,0.5015293153136081,3,2,0.49536549193577545,3,3,0.502015850811744,3,4,0.529300083483413,3,5,0.5476937484656104,3,6,0.5321989186592468,3,7,0.47638813921396544,3,0,0.38366807274195036,4,1,0.40731741603320804,4,2,0.4003702517100205,4,3,0.4027393528130172,4,4,0.41711658202492186,4,5,0.4229860264015767,4,6,0.3945966952128488,4,7,0.3246314548695529,4,0,0.2632946120383052,5,1,0.293066843091482,5,2,0.2896222167538498,5,3,0.2891838588512339,5,4,0.3064741003248259,5,5,0.3213148023666177,5,6,0.3085419545609178,5,7,0.2527458379636993,5,0,0.12642450319545562,6,1,0.16553379049492323,6,2,0.1724907227678838,6,3,0.18765024576367662,6,4,0.23453810353804017,6,5,0.2939510093034574,6,6,0.3337930677988442,6,7,0.32478693041116824,6,0,0,7,1,0.04143687483771097,7,2,0.0673314268381513,7,3,0.12480797136746558,7,4,0.2352287342524031,7,5,0.37236720452754934,7,6,0.4947069140872913,7,7,0.5565514368537889,7,27
0,0.5626774886265524,0,1,0.62176290454272,0,2,0.6617470365651429,0,3,0.6769526918856901,0,4,0.6842313605276819,0,5,0.7064522924933493,0,6,0.7642712814129622,0,7,0.8623739279073134,0,0,0.4090989460372455,1,1,0.4653020734647087,1,2,0.5236011262018964,1,3,0.5779546399211386,1,4,0.6338388412715574,1,5,0.7064433684273623,1,6,0.8045394044852038,1,7,0.9238205464392917,1,0,0.2543933443390578,2,1,0.30935494084048376,2,2,0.3850456348101203,2,3,0.47495221912578806,2,4,0.5795052924696754,2,5,0.7000502163849349,2,6,0.8348064976266482,2,7,0.9747688681723934,2,0,0.11253294866636432,3,1,0.1686525996478193,3,2,0.2619604872278356,3,3,0.3831686701880426,3,4,0.5270737627051495,3,5,0.6851660654588235,3,6,0.8473161733084532,3,7,1,3,0,0.014189909573681159,4,1,0.07759934890298248,4,2,0.1855816474699058,4,3,0.33093381911444714,4,4,0.4984448017119109,4,5,0.6750064278126287,4,6,0.8444847410744437,4,7,0.9932080059398085,4,0,0,5,1,0.07251820030444334,5,2,0.19319902754188112,5,3,0.34849371389069683,5,4,0.5196077116382263,5,5,0.6882496111225715,5,6,0.8384544430453661,5,7,0.9588384066086607,5,0,0.09060894728777746,6,1,0.17653384730165256,6,2,0.30363368227916254,6,3,0.4530058693923053,6,4,0.6028570925349296,6,5,0.7354380321338843,6,6,0.840882288404183,6,7,0.9141951113468436,6,0,0.2764195916562393,7,1,0.37751636111619485,7,2,0.5028270111046345,7,3,0.6318453853492512,7,4,0.74222029562953,7,5,0.8213523948042392,7,6,0.8658210423842606,7,7,0.881298727104386,7,28
0,0.3644112041742046,0,1,0.442511167356332,0,2,0.5643185945640773,0,3,0.6840858135743312,0,4,0.7606444260908418,0,5,0.768509832758532,0,6,0.70157823781522,0,7,0.5670023708938321,0,0,0.4471581397522151,1,1,0.5481078483250489,1,2,0.6798288810883188,1,3,0.7943634887300205,1,4,0.8547023454794906,1,5,0.839931295454316,1,6,0.7501953334122755,1,7,0.5973339777986506,1,0,0.56843097571342,2,1,0.6746235369570796,2,2,0.7926554576211148,2,3,0.8796985431430511,2,4,0.9045899899945647,2,5,0.8551546677290035,2,6,0.7384545546894771,2,7,0.5666044454627195,2,0,0.7030554084989944,3,1,0.7975747726261918,3,2,0.8871413186331851,3,3,0.931471499263702,3,4,0.9088540167117327,3,5,0.8170697206349427,3,6,0.6682675883566015,3,7,0.48084270575894006,3,0,0.8279004782090494,4,1,0.9016126552040356,4,2,0.9520457183768593,4,3,0.9465629256641567,4,4,0.8732590071646411,4,5,0.7366485345393919,4,6,0.5574162394881175,4,7,0.35818301346023984,4,0,0.9246878805622254,5,1,0.9704001156654515,5,2,0.9796381042964751,5,3,0.9263108541338716,5,4,0.8061436791545354,5,5,0.6323215914857055,5,6,0.4304428218641093,5,7,0.22432391009613672,5,0,0.9816762103018232,6,1,0.9999999999999999,6,2,0.9695013341622198,6,3,0.8738761559121462,6,4,0.7157926954709235,6,5,0.5170276753939208,6,6,0.30327911790686246,6,7,0.09953877389439769,6,0,0.998121743876004,7,1,0.9886411021240294,7,2,0.922327494887455,7,3,0.7923816816739427,7,4,0.6126649757363816,7,5,0.4025297193324031,7,6,0.19258557852372307,7,7,0,7,29
0,0.18392737790415675,0,1,0.09879759013749842,0,2,0.03398603757512933,0,3,0,0,4,0.009029744185902022,0,5,0.07243530528500652,0,6,0.18217834394307542,0,7,0.30977781767239043,0,0,0.41234913316442456,1,1,0.31728207095327055,1,2,0.23433383403735192,1,3,0.1726115615476868,1,4,0.1445191696585093,1,5,0.1592693855851257,1,6,0.21187887037984315,1,7,0.274764033877063,1,0,0.5876467347563686,2,1,0.4974618014885198,2,2,0.41048243860727684,2,3,0.33430292974223785,2,4,0.2798192714100765,2,5,0.25318613356790043,2,6,0.250767972563653,2,7,0.2551583539001953,2,0,0.6775624756484429,3,1,0.6119131428860244,3,2,0.5413203573147521,3,3,0.4704891620267215,3,4,0.40292128739217203,3,5,0.3432812417340761,3,6,0.2937774983040922,3,7,0.24886661325719212,3,0,0.6955667269660476,4,1,0.6755800109179178,4,2,0.6466246826537884,4,3,0.5958758376058745,4,4,0.5253353266969194,4,5,0.43682130471081126,4,6,0.34585033888560224,4,7,0.25868118094157655,4,0,0.6897096809265107,5,1,0.7343579866147234,5,2,0.7553819221311584,5,3,0.7322482550914337,5,4,0.6533077530844541,5,5,0.5353780080063216,5,6,0.39875885720817733,5,7,0.2734572836094022,5,0,0.7065054178204567,6,1,0.8097841837471742,6,2,0.8787574225127283,6,3,0.8704769065958298,6,4,0.779238152528646,6,5,0.6205425881238771,6,6,0.4371678662811753,6,7,0.2731015610638098,6,0,0.7592556218645365,7,1,0.9075071726584077,7,2,1,7,3,0.9921014532085695,7,4,0.8698643883727413,7,5,0.6642720330414958,7,6,0.4322657914634328,7,7,0.22837096937241885,7,30
0,1,0,1,0.9460979917486798,0,2,0.8921643161920858,0,3,0.8203723852623602,0,4,0.7228264690182098,0,5,0.6113728162914887,0,6,0.5112267059146167,0,7,0.4438210738389473,0,0,0.796964835836882,1,1,0.7502630320809731,1,2,0.6998839428438023,1,3,0.6343576905335506,1,4,0.5486146466042076,1,5,0.4599464290407408,1,6,0.38929866484547937,1,7,0.35754359505267774,1,0,0.6095044432328738,2,1,0.5638946056338237,2,2,0.512928498530944,2,3,0.44735877973781024,2,4,0.37006058379619866,2,5,0.3011679684431212,2,6,0.26070025246935946,2,7,0.2628120872302181,2,0,0.44896425377588745,3,1,0.412504590200532,3,2,0.3630704450654031,3,3,0.29865388541169535,3,4,0.22824159056162685,3,5,0.1710032140035146,3,6,0.15040440094688612,3,7,0.17771525974366176,3,0,0.3210174892345089,4,1,0.3052733265823506,4,2,0.2690745668253791,4,3,0.21063024650408235,4,4,0.1442389456304518,4,5,0.09065852353804638,4,6,0.07699060254100609,4,7,0.1152481640345695,4,0,0.23539811846389858,5,1,0.24969422400476238,5,2,0.2361313027577432,5,3,0.1876269173121201,5,4,0.1203949337713538,5,5,0.06245194581153013,5,6,0.03999100434127445,5,7,0.07088429765866322,5,0,0.20419225727283152,6,1,0.25294442124402394,6,2,0.26214551054624124,6,3,0.21971007093273087,6,4,0.14579506631346617,6,5,0.06885691808878658,6,6,0.023433453967036555,6,7,0.03412154346794616,6,0,0.2417132261391527,7,1,0.31587162449527717,7,2,0.33876710143342326,7,3,0.2956408283982873,7,4,0.2040254621717077,7,5,0.09973790435414365,7,6,0.02080419483963003,7,7,0,7,31
0,0.6945099271725458,0,1,0.9422518633359261,0,2,1,0,3,0.9021980784998159,0,4,0.7172798922797143,0,5,0.4968819778707629,0,6,0.2677971484857136,0,7,0.04217504086579364,0,0,0.6122356589709819,1,1,0.8095058792866695,1,2,0.8556202690305151,1,3,0.7867656304477982,1,4,0.6623784505016254,1,5,0.5132415400498597,1,6,0.3480983844827526,1,7,0.16881779452333506,1,0,0.48760119032286636,2,1,0.6405953081473374,2,2,0.6863627507138677,2,3,0.6582618486613555,2,4,0.6021849332478196,2,5,0.5267113070924093,2,6,0.42791255515567395,2,7,0.2917311957443191,2,0,0.33435084092311157,3,1,0.4501509540859216,3,2,0.500504113750363,3,3,0.5199387424525166,3,4,0.5287034936436005,3,5,0.5210192139689872,3,6,0.481290980841853,3,7,0.3841813075570918,3,0,0.18184306103379066,4,1,0.2711532859848146,4,2,0.33431800744739976,4,3,0.39195050160414185,4,4,0.4504150606168304,4,5,0.49357322661809205,4,6,0.49458670686721523,4,7,0.43535361215775775,4,0,0.06360714170585108,5,1,0.1452429975783185,5,2,0.22250822755364746,5,3,0.3061767287531515,5,4,0.3928888510842836,5,5,0.46242838680885295,5,6,0.48220798311792273,5,7,0.44993934206480124,5,0,0.003442044791672566,6,1,0.09783813863481085,6,2,0.19097412685565718,6,3,0.2946495549224518,6,4,0.3895671135026244,6,5,0.454457658651431,6,6,0.4752850998711648,6,7,0.45393758354541586,6,0,0,7,1,0.1268965351755456,7,2,0.24913126471257918,7,3,0.3595719308517127,7,4,0.44486806507553306,7,5,0.4894922014390402,7,6,0.4924545740207878,7,7,0.46647635714235597,7,32
0,0.0016310906582348572,0,1,0.15373025387404904,0,2,0.31232498677360687,0,3,0.4687837232877141,0,4,0.6254656314325457,0,5,0.778499269409157,0,6,0.9126347145460874,0,7,1,0,0,0,1,1,0.17340307542363215,1,2,0.3425063648546406,1,3,0.5009584952400279,1,4,0.6470228227420378,1,5,0.7829885779236583,1,6,0.8957244784655172,1,7,0.9663959430066689,1,0,0.0369671329025667,2,1,0.20991150436539457,2,2,0.3726594182961667,2,3,0.5158187991539518,2,4,0.6424347123622828,2,5,0.750920587130123,2,6,0.835815976039705,2,7,0.8827900588715689,2,0,0.10803974683367368,3,1,0.26845709804292806,3,2,0.4136968066088898,3,3,0.5353670310846698,3,4,0.6364883884872891,3,5,0.7161993683926199,3,6,0.7715807322737283,3,7,0.7929419406310616,3,0,0.20388713222720506,4,1,0.34964941028645224,4,2,0.4749771950280669,4,3,0.5752279546028572,4,4,0.6532879462757868,4,5,0.7083807210773609,4,6,0.7397853643100034,4,7,0.738283603468282,4,0,0.31735374699011376,5,1,0.4501839534189299,5,2,0.5582104464573373,5,3,0.6405515307137961,5,4,0.701566157010373,5,5,0.7421933870250302,5,6,0.7601081559920924,5,7,0.7450824488185473,5,0,0.44791697343547177,6,1,0.568685305441421,6,2,0.6596821597925245,6,3,0.7268396335564266,6,4,0.7759942612991857,6,5,0.8114310544015086,6,6,0.8273895200461413,6,7,0.8124209196935027,6,0,0.585937860152997,7,1,0.6942032231390278,7,2,0.7656205497679105,7,3,0.8133962310878972,7,4,0.8539171018296363,7,5,0.8908494986837521,7,6,0.9165605155341081,7,7,0.9118787628081666,7,33
0,0.5271200534394022,0,1,0.324741884689947,0,2,0.20788499284483752,0,3,0.19841510420773567,0,4,0.2945641937354412,0,5,0.4624738018392176,0,6,0.6467838534463712,0,7,0.8001494429873885,0,0,0.4618027417677179,1,1,0.229775580848535,1,2,0.09037669898547396,1,3,0.06042365830177032,1,4,0.13778950491976094,1,5,0.2905086217865133,1,6,0.4755748121810625,1,7,0.649386520206326,1,0,0.49024382763134744,2,1,0.2315704994210156,2,2,0.06163398630598127,2,3,0,2,4,0.04023666947215687,2,5,0.15815030445482592,2,6,0.32423214599903766,2,7,0.5011903234609848,2,0,0.5918442473760106,3,1,0.3188023443489409,3,2,0.12126684588193071,3,3,0.021556090519177507,3,4,0.015107154216539187,3,5,0.0915253838615826,3,6,0.22372448153100977,3,7,0.38765523183507744,3,0,0.7310663908975837,4,1,0.45519046597985213,4,2,0.23700818965284653,4,3,0.10116011464787489,4,4,0.05541775539181515,4,5,0.09022938819994342,4,6,0.18921470020480702,4,7,0.3359281380848243,4,0,0.8595794099903175,5,1,0.5916351592068241,5,2,0.36157996352028954,5,3,0.20390411032648015,5,4,0.13076672743341278,5,5,0.13867583966412267,5,6,0.2171655351429973,5,7,0.3508091471498511,5,0,0.9506278660854615,6,1,0.696736536492894,6,2,0.4642889689774708,6,3,0.29418864750217427,6,4,0.20934347166784106,6,5,0.2097112326363505,6,6,0.28439163481973084,6,7,0.4144703855985467,6,0,1.0000000000000002,7,1,0.758468813753718,7,2,0.5249834222771799,7,3,0.353658883153391,7,4,0.2701335938533047,7,5,0.2799388383767845,7,6,0.36390212201445943,7,7,0.5005697391259755,7,34
0,0,0,1,0.001283976293567024,0,2,0.029664573216612755,0,3,0.11311548276751782,0,4,0.2575236036896449,0,5,0.4528478013843785,0,6,0.6761668268144208,0,7,0.9001789562148077,0,0,0.1256279962157092,1,1,0.1614574111103878,1,2,0.2083437507027261,1,3,0.28671638510575165,1,4,0.4091805949695739,1,5,0.5714468885755327,1,6,0.7599530782186971,1,7,0.9545018604144218,1,0,0.23059385525030812,2,1,0.31424277857316185,2,2,0.39706714872579146,2,3,0.48966400677534466,2,4,0.5982581191852366,2,5,0.7222521255089501,2,6,0.8586608060866425,2,7,1,2,0,0.3015820898932521,3,1,0.4312369415341452,3,2,0.5558183713501738,3,3,0.6681287308969256,3,4,0.7661127351414471,3,5,0.8493890198343359,3,6,0.9216017059442486,3,7,0.9969879927473955,3,0,0.3302419297459467,4,1,0.4877665157258587,4,2,0.6426863221171544,4,3,0.7731979140514569,4,4,0.8605355742080378,4,5,0.9044469150201703,4,6,0.9201892903107567,4,7,0.9324271940319467,4,0,0.3170075343506327,5,1,0.47350920977904776,5,2,0.6381131335565129,5,3,0.7758646301420683,5,4,0.8574943519211737,5,5,0.8794647880770513,5,6,0.8571654884086757,5,7,0.8251331283049549,5,0,0.285099889677251,6,1,0.40642046542699306,6,2,0.5523778207067245,6,3,0.6865195485194738,6,4,0.771115673763702,6,5,0.7920112549918982,6,6,0.7653304913244913,6,7,0.7175527553488259,6,0,0.2708709187520773,7,1,0.32861028323002095,7,2,0.43160219027334756,7,3,0.5500409783882407,7,4,0.6398950567061801,7,5,0.684530653053106,7,6,0.6786521226568847,7,7,0.6425880146734113,7,35
0,0.16715749822838782,0,1,0.33995026125210587,0,2,0.4942207081234836,0,3,0.5929472317697386,0,4,0.6081657602829602,0,5,0.5375036657724122,0,6,0.4148407285337037,0,7,0.2893871956953627,0,0,0.13204625377592022,1,1,0.2907798737451174,1,2,0.44074583631933106,1,3,0.5419925323365651,1,4,0.5638638641641038,1,5,0.5129094439171628,1,6,0.42095438984160416,1,7,0.3315637666911535,1,0,0.0692671883135833,2,1,0.20338117368983574,2,2,0.34900673906007756,2,3,0.4607563604412719,2,4,0.5081996154982945,2,5,0.4954931960597068,2,6,0.44911942609820316,2,7,0.4085800177379996,2,0,0.014648199763897252,3,1,0.11048599288776906,3,2,0.2450454016775851,3,3,0.37351084857767136,3,4,0.45661217765929096,3,5,0.49451839485195065,3,6,0.5083402367511792,3,7,0.5202431226803286,3,0,0,4,1,0.04613488615194039,4,2,0.16041368872437942,4,3,0.2965527531221924,4,4,0.41787177166067996,4,5,0.5108249588966812,4,6,0.5870698911200273,4,7,0.6560912936456988,4,0,0.05282536879585714,5,1,0.03803214609184308,5,2,0.11566435895731975,5,3,0.24683175410004227,5,4,0.3912791960107707,5,5,0.5325823684087538,5,6,0.6673119121156007,5,7,0.7911289102105177,5,0,0.17677711840308985,6,1,0.10200075761601002,6,2,0.13180818703256808,6,3,0.2348800394394209,6,4,0.3867401082739954,6,5,0.561163622943255,6,6,0.7423338592847067,6,7,0.9097547975893225,6,0,0.3500857728402604,7,1,0.2249392532346479,7,2,0.19968696173773476,7,3,0.2673163019323139,7,4,0.40688036027862184,7,5,0.5960193432094435,7,6,0.8054333364066456,7,7,0.9999999999999999,7,36
0,0.9999999999999999,0,1,0.7669188768573914,0,2,0.5139446573636404,0,3,0.3031813001279092,0,4,0.19152930245638683,0,5,0.21810233632728493,0,6,0.384812660490836,0,7,0.6450798961384124,0,0,0.9622565955364957,1,1,0.752246534211331,1,2,0.5078691741354038,1,3,0.28854122451910513,1,4,0.1525983170516536,1,5,0.13729707174443528,1,6,0.2520379083570654,1,7,0.46071475424427344,1,0,0.9023005838277449,2,1,0.7093582103826807,2,2,0.4760082653331573,2,3,0.2552888485404244,2,4,0.10112144581739135,2,5,0.05148648384758925,2,6,0.11849688454274598,2,7,0.2790226675014085,2,0,0.8416675763807112,3,1,0.6628795095156061,3,2,0.4396895100424298,3,3,0.22546634943738558,3,4,0.06687062477262484,3,5,0,3,6,0.036015929936832225,3,7,0.15706103570112384,3,0,0.79640524782102,4,1,0.6258629000608225,4,2,0.4148110163301815,4,3,0.21658185134328178,4,4,0.07389196945182375,4,5,0.013120075047919566,4,6,0.03872349325791957,4,7,0.13927813751211338,4,0,0.7648120997372605,5,1,0.5999260133725207,5,2,0.40857183737706065,5,3,0.23670179009416115,5,4,0.1275101730127043,5,5,0.09559368779632538,5,6,0.13424158525914254,5,7,0.22705061610951843,5,0,0.73451662260995,6,1,0.5780740834687388,6,2,0.4086370631015953,6,3,0.2777282688971934,6,4,0.21737235929639576,6,5,0.2283241812535306,6,6,0.2935675971049688,6,7,0.3871929912172075,6,0,0.6920934666146551,7,1,0.5487957926190503,7,2,0.4093388958825901,7,3,0.32424576317266623,7,4,0.31705199522488964,7,5,0.3767713949793093,7,6,0.469831342712843,7,7,0.5648269552278006,7,37
0,0.5758549825091122,0,1,0.4454252526985297,0,2,0.28293918829354503,0,3,0.14195920920747307,0,4,0.04587265267650076,0,5,0.0014936608772148086,0,6,0,0,7,0.03981044083866625,0,0,0.7003342596531779,1,1,0.5825195642198552,1,2,0.4287962266740549,1,3,0.2835483315681166,1,4,0.16719134216667586,1,5,0.08618257929333539,1,6,0.03711715991131248,1,7,0.023063659332203335,1,0,0.8003969603373886,2,1,0.6989745432669697,2,2,0.5610182597306728,2,3,0.4190412372571898,2,4,0.2908471833885483,2,5,0.18113350644762122,2,6,0.09328001582628154,2,7,0.03870288981246883,2,0,0.851645827761798,3,1,0.771564387212659,3,2,0.657907609940896,3,3,0.5327224364172071,3,4,0.4083697343527708,3,5,0.29075813606210255,3,6,0.18619919288462883,3,7,0.11252840166258726,3,0,0.8552971348699929,4,1,0.801435835118165,4,2,0.7192321847177148,4,3,0.6248715588211049,4,4,0.523130064378055,4,5,0.41945286748660005,4,6,0.32748898723349784,4,7,0.26109483515149057,4,0,0.8348216982304293,5,1,0.8074817641792569,5,2,0.7624389571444306,5,3,0.7040164695080542,5,4,0.6376911930721171,5,5,0.5689940014220097,5,6,0.5123568470716989,5,7,0.4764808199862636,5,0,0.8127980150221688,6,1,0.8088662844268691,6,2,0.7989873644142468,6,3,0.7810093656656222,6,4,0.7548385692843795,6,5,0.7333692094229487,6,6,0.7238766567559235,6,7,0.7336520292989616,6,0,0.7930430016933516,7,1,0.8076263451187977,7,2,0.826988292558289,7,3,0.8477991083187482,7,4,0.8664911035811915,7,5,0.8935448631491194,7,6,0.9381572758244652,7,7,1,7,38
0,0.9708855323292671,0,1,0.9761249465943531,0,2,0.9543847626816526,0,3,0.9145191705441991,0,4,0.862967228604202,0,5,0.8068485571784496,0,6,0.7496266952371866,0,7,0.6958733487543587,0,0,1,1,1,0.9924153886812321,1,2,0.9674314363111602,1,3,0.930259797477871,1,4,0.8841194449561232,1,5,0.8294472993926738,1,6,0.7737971039873319,1,7,0.7159416211556973,1,0,0.9746070173050465,2,1,0.9442780910463875,2,2,0.9088730274829249,2,3,0.8706328672247101,2,4,0.8284158093375857,2,5,0.7791899765126716,2,6,0.7242436497686903,2,7,0.6676731416005885,2,0,0.9023321938449735,3,1,0.840358106566913,3,2,0.7873832979036373,3,3,0.7447399826444802,3,4,0.7061574013430831,3,5,0.6614746895377541,3,6,0.6113202358599764,3,7,0.5595996867371824,3,0,0.7959674077715437,4,1,0.6992572371530159,4,2,0.6253242128223184,4,3,0.574783378323942,4,4,0.5374509029335417,4,5,0.4995118075924544,4,6,0.4567488591749238,4,7,0.4139427244864307,4,0,0.6743026005858199,5,1,0.5434212962084313,5,2,0.446720802870069,5,3,0.3865306813850946,5,4,0.35065315951293285,5,5,0.32229360750031577,5,6,0.29124072461608624,5,7,0.25895182802822697,5,0,0.5533140688855309,6,1,0.393739549940907,6,2,0.2756485510842524,6,3,0.20612143021878246,6,4,0.17223378164610315,6,5,0.15357824873801473,6,6,0.13641025468789453,6,7,0.11671085169116693,6,0,0.4461274414842785,7,1,0.266367810737984,7,2,0.13018232257811382,7,3,0.05227282500854202,7,4,0.01988736474356595,7,5,0.012066459885875624,7,6,0.007703842455734966,7,7,0,7,39
